5,6,7,8,9,10,11,12,13,14,15,16,17,18,19,20
0.321149093,0.311018179,0.264560874,0.288006646,0.61364221,0.616681504,0.595406642,0.050364981,0.128806952,0.163541419,0.172948696,0.118965531,0.703083478,0.667046485,0.626233432,0.038207904
0.33658221,0.326208129,0.280965475,0.302001845,0.676046124,0.687284736,0.65673872,0.067431668,0.148983748,0.185293078,0.190768375,0.134575223,0.759471179,0.731662859,0.687284736,0.0383266
0.353049882,0.342683029,0.297327891,0.31705376,0.720642254,0.735040645,0.699044524,0.086678642,0.171341514,0.207769552,0.209209401,0.152191565,0.796810039,0.773052536,0.728561422,0.038299898
0.373477718,0.363531758,0.317261406,0.334702926,0.756757234,0.773045539,0.732396809,0.121369439,0.196180295,0.231063239,0.227315459,0.171099243,0.829117592,0.801297811,0.762090528,0.06745946
0.400902964,0.389935087,0.34274459,0.35587708,0.783766689,0.797909414,0.759666322,0.176062497,0.222242759,0.254713389,0.243745513,0.191504029,0.85895397,0.821143878,0.788817676,0.096690036
0.43644557,0.424755106,0.377704367,0.382467237,0.810974785,0.815593308,0.784851556,0.238861601,0.249108788,0.280139234,0.262675569,0.212594025,0.885014739,0.836953763,0.806212011,0.153275531
0.477215299,0.465389498,0.423566435,0.416355546,0.831269009,0.833288039,0.8018486,0.294924514,0.276753149,0.306894552,0.284829364,0.235506938,0.902512386,0.849872989,0.817279941,0.230170938
0.525056898,0.514091109,0.479895376,0.459118148,0.844506194,0.850133346,0.816226128,0.33892787,0.30588639,0.334310761,0.307617865,0.259282004,0.916072,0.863119029,0.827624642,0.301990713
0.573162308,0.563631314,0.539948065,0.507022681,0.85461694,0.860682205,0.828190013,0.37503219,0.334741868,0.360735603,0.328821032,0.282609875,0.923500436,0.872523781,0.835988143,0.357414207
0.622171974,0.612775764,0.595862641,0.55437491,0.869363929,0.871098556,0.83828425,0.406782484,0.361825401,0.386544587,0.351561829,0.305881961,0.93528179,0.881362129,0.846090314,0.402445772
0.667183312,0.656767642,0.64620729,0.599481315,0.887793625,0.886636264,0.849313376,0.440207851,0.388274089,0.413011365,0.378003006,0.32925177,0.953036314,0.891120832,0.857269834,0.44078658
0.708825799,0.694918675,0.690283031,0.639725025,0.911057728,0.90975386,0.863976479,0.468928891,0.413735241,0.441694182,0.407216285,0.353181522,0.972625449,0.905987429,0.872958093,0.473564535
0.739888193,0.725431565,0.727600059,0.667894318,0.939244505,0.943147833,0.881562769,0.498896829,0.439480259,0.471429331,0.435432441,0.376738702,0.992155593,0.926522711,0.896308472,0.506414315
0.761549524,0.750560816,0.761260403,0.683326997,0.971926338,0.971926338,0.901656125,0.536280053,0.46355188,0.499554494,0.465865328,0.401957023,1.014435469,0.948792151,0.923633637,0.538593501
0.776776468,0.76999054,0.781396751,0.697366296,1.007499333,1.001290918,0.931409829,0.577240178,0.486279395,0.524251898,0.495952975,0.42592758,1.032766202,0.96952683,0.957543012,0.576229557
0.789659286,0.785621515,0.799465124,0.708328403,1.038122184,1.026441636,0.962703592,0.617768479,0.51682592,0.547541252,0.520431021,0.448761753,1.044034474,0.993707466,0.992265425,0.618345276
0.799408055,0.799119838,0.815546057,0.715403923,1.053437692,1.038596479,0.981248866,0.652436827,0.547827889,0.573908164,0.538750269,0.472036914,1.046665432,1.015542204,1.012083972,0.661514447
0.805258445,0.807846283,0.825386274,0.719571266,1.05973224,1.040179381,0.98727183,0.685353834,0.571343848,0.608436698,0.554666502,0.500896306,1.046217796,1.024652164,1.020482827,0.697143085
0.805406328,0.809426155,0.831535392,0.720845907,1.063825537,1.042721305,0.991468182,0.722425063,0.604413663,0.638869551,0.568665694,0.534496977,1.049181707,1.026211146,1.024057647,0.7241479
0.803949769,0.807529891,0.835025166,0.722180062,1.068734866,1.044676488,0.995843803,0.758697205,0.644276829,0.660602163,0.581553329,0.560359048,1.050118235,1.029783202,1.027348777,0.760845278
0.800646319,0.802643025,0.832877556,0.723348463,1.070190605,1.044805014,0.997028606,0.799933237,0.666302082,0.676285138,0.592997448,0.576453924,1.049083507,1.029687654,1.029545113,0.799077614
0.801049753,0.799766949,0.829414388,0.725933555,1.070156921,1.043787771,0.997891348,0.840389599,0.680749811,0.688589194,0.603067909,0.589384439,1.049916874,1.030104396,1.029961841,0.823570395
0.803696785,0.801847276,0.827456286,0.731849208,1.072164848,1.043141215,0.998325471,0.877963037,0.692013011,0.69741934,0.612055847,0.598397733,1.049685783,1.030336757,1.029909882,0.85847172
0.810306155,0.812151276,0.831880259,0.741041971,1.071182477,1.042369655,0.998369817,0.909518604,0.699880838,0.706551739,0.620255323,0.606629613,1.048898696,1.029027759,1.030305158,0.898163877
0.818087526,0.830416209,0.844020354,0.753893185,1.071321959,1.041279569,0.998483405,0.922243838,0.706704003,0.713506122,0.6279137,0.614026191,1.049498691,1.028667429,1.029659434,0.922102109
0.825818531,0.848879792,0.858500418,0.769509481,1.071852195,1.041009515,0.998282597,0.92230789,0.712776027,0.720415947,0.634679114,0.620106675,1.049073933,1.027851879,1.028842279,0.937587637
0.83417898,0.862851183,0.872596933,0.786438969,1.071042821,1.039969449,0.997737897,0.917794607,0.717512504,0.725987086,0.640535337,0.625563558,1.048726554,1.027963885,1.028528839,0.942794566
0.845180563,0.875078519,0.887206882,0.80555167,1.072094515,1.040081228,0.998336909,0.913579129,0.721781126,0.729960733,0.645484953,0.630112881,1.049530072,1.027529723,1.028093818,0.940656517
0.857397572,0.888652491,0.900478679,0.81896253,1.072098982,1.040140121,0.998044568,0.908925876,0.725901806,0.73420829,0.650580318,0.634530485,1.049291353,1.027469186,1.027891606,0.937224225
0.870090167,0.902289669,0.908195312,0.83156323,1.073270578,1.039383723,0.997763429,0.903977022,0.729480872,0.737636288,0.654536142,0.638366123,1.04866398,1.027010109,1.027994414,0.931958235
0.882893773,0.911006918,0.916488981,0.846346655,1.0723765,1.039202953,0.997876603,0.900183377,0.732769487,0.740781797,0.658269683,0.64238574,1.048620832,1.027535996,1.027535996,0.928155938
0.896134685,0.919328731,0.924670374,0.860851553,1.073253101,1.039375675,0.998188637,0.898524328,0.736587586,0.743756609,0.661241944,0.645638688,1.049356109,1.028270621,1.028130032,0.924951552
0.907968886,0.926829227,0.932318417,0.872781742,1.073911507,1.039428108,0.998892447,0.896990506,0.73921138,0.746671037,0.664333181,0.648569354,1.048998999,1.028871936,1.028871936,0.921621572
0.918488027,0.933297842,0.93625973,0.879136346,1.074484294,1.038940888,0.998601848,0.895638655,0.741475947,0.748387175,0.66700396,0.651065815,1.04867294,1.027798284,1.028503514,0.919334321
0.924643825,0.937484101,0.938048494,0.882736361,1.073930134,1.037949023,0.998722494,0.895153367,0.743609489,0.750241262,0.668966334,0.653303909,1.048531637,1.02807183,1.028636223,0.918011958
0.928102711,0.938993254,0.938144617,0.88468181,1.073923134,1.038422686,0.998820697,0.893733717,0.745084568,0.751449203,0.670264947,0.65498986,1.048747595,1.028239325,1.02838078,0.917070714
0.931513038,0.940299528,0.938740606,0.886588334,1.07549857,1.038793594,0.999962842,0.894807969,0.747137738,0.753089952,0.672594077,0.657430255,1.048855532,1.029156775,1.029581893,0.917766308
0.932413965,0.940499675,0.938371841,0.885743601,1.074127172,1.037244916,0.999085886,0.893403782,0.748285966,0.754527592,0.673670115,0.658349753,1.04916067,1.028875458,1.029159112,0.917377257
0.933440741,0.940969618,0.937276169,0.88613656,1.075069136,1.03699853,0.998785849,0.893097236,0.748343594,0.755020122,0.674759333,0.659559506,1.04893113,1.029469653,1.029611726,0.916394142
0.934987325,0.9425115,0.937400695,0.884447498,1.0762434,1.036776811,0.999013949,0.893107366,0.749579905,0.755400447,0.675899611,0.66056729,1.04870196,1.029820482,1.029394621,0.915963862
0.935161512,0.942126541,0.936725113,0.88185777,1.07545712,1.035941177,0.998699648,0.892376393,0.74980656,0.756060869,0.676886914,0.661251188,1.048307727,1.029971193,1.028976149,0.916114354
0.935157478,0.94169509,0.936010226,0.880014429,1.075999623,1.03606353,1.000106897,0.892663233,0.750968433,0.756937483,0.677775998,0.661858436,1.048143865,1.030378666,1.029952339,0.916397483
0.934781571,0.941885874,0.935918316,0.877236903,1.076014725,1.035662395,0.999146427,0.892724265,0.751206901,0.757174554,0.678316976,0.662687509,1.048165931,1.030405267,1.029552732,0.915742151
0.933677904,0.940357239,0.93467273,0.875980311,1.077211369,1.035288213,1.000044391,0.892181141,0.751347798,0.75774287,0.678728464,0.663380329,1.048788921,1.031451226,1.029461572,0.915345382
0.933800909,0.939622999,0.934368897,0.874728349,1.077932311,1.035189859,1.000115576,0.892762515,0.752465198,0.758429215,0.679902471,0.66371429,1.048963972,1.032349824,1.030219797,0.91619271
0.932413599,0.93937297,0.933691835,0.873898062,1.078560394,1.035099788,1.000160979,0.892361749,0.752890231,0.758713413,0.680171952,0.664406878,1.048734531,1.032543315,1.030270843,0.915370289
0.932125985,0.939084269,0.932978041,0.872199617,1.078817966,1.03465421,1.000146837,0.892364439,0.752630743,0.759020927,0.680349704,0.665013167,1.049138785,1.033092123,1.030678074,0.915511317
0.930509126,0.937894084,0.931929321,0.870719089,1.078919027,1.033472977,1.00009849,0.892021919,0.752701247,0.758950086,0.680129455,0.665075464,1.047248812,1.032904918,1.030490549,0.915739118
0.929966843,0.937634919,0.931244934,0.870894282,1.079636298,1.033769863,0.999405588,0.892194545,0.752891181,0.75928126,0.680896535,0.665560383,1.048396006,1.034621892,1.030787807,0.91548272
0.929038346,0.936982523,0.930882582,0.870024764,1.079693304,1.033730784,1.000110025,0.892438603,0.753132537,0.759516142,0.680926015,0.665746959,1.047774809,1.034440084,1.031035463,0.915845405
0.927984463,0.93577306,0.929683758,0.868790549,1.079226159,1.032352574,0.999781782,0.891590095,0.752810172,0.759182737,0.681296022,0.665718736,1.046796998,1.034476763,1.030511649,0.914956071
0.927092093,0.934449931,0.92864859,0.868229108,1.079484973,1.032507798,0.999397292,0.891576179,0.753191579,0.759558988,0.681310837,0.66645355,1.047223474,1.035762213,1.030526845,0.915913773
0.92682701,0.934180593,0.928099814,0.866867531,1.079978339,1.031614781,0.999089574,0.891332176,0.75302926,0.758827267,0.681190995,0.666201149,1.04674606,1.035715778,1.029634999,0.914524017
0.925913229,0.93354555,0.927750607,0.86626806,1.080114302,1.031493586,0.999551001,0.891567833,0.753338006,0.759415666,0.68196178,0.666414422,1.046899585,1.036440473,1.030362906,0.915030135
0.925237748,0.933012877,0.927499622,0.865440161,1.080881247,1.03140334,0.999737472,0.891734159,0.753054484,0.759557338,0.682089003,0.666680129,1.046812213,1.037340655,1.030555125,0.915907667
0.924811302,0.932867854,0.926507374,0.864598921,1.080854604,1.031243024,0.999440715,0.89145419,0.754068148,0.760145997,0.68254834,0.667283224,1.047497492,1.038451494,1.030677667,0.915341216
0.923550241,0.931314748,0.925103161,0.863269582,1.080675218,1.030841331,0.99921863,0.891362868,0.753719801,0.760072486,0.682286504,0.667463354,1.046652635,1.039593992,1.03070014,0.915785734
0.92333871,0.931236468,0.925031047,0.863117884,1.081577004,1.030946366,0.999637156,0.891888449,0.754382003,0.760446373,0.68301961,0.667647061,1.046883027,1.039831391,1.030100151,0.915158849
0.92282967,0.930867825,0.924521943,0.861909443,1.081899376,1.030709389,0.999121109,0.891523467,0.754311801,0.760939667,0.683097087,0.667867007,1.046785606,1.040016702,1.030286368,0.916060767
0.921794,0.929642581,0.923335626,0.861247377,1.080868965,1.029852815,0.998598478,0.890679742,0.754029415,0.760616716,0.682971293,0.667694464,1.046951616,1.040504581,1.029712642,0.915206698